ID,Source,Topic,Summary,Learning Level,Direct Link,Leveling Rationale
1,Canvas,About this course,"Foundational introduction to generative AI for ASU faculty/staff; outlines hands-on, multi-module structure.",Foundational,https://canvas.asu.edu/courses/157584/pages/about-this-course,"Course-overview wrapper, introductory framing"
2,Canvas,How to use this course,"Guidance on selecting modules, pacing, Knowledge Checks, Guided Practice and Create-an-Artifact activities.",Foundational,https://canvas.asu.edu/courses/157584/pages/how-to-use-this-course,Procedural orientation content
3,Canvas,Course Glossary of key terms,Lookup of generative-AI vocabulary used throughout the course.,Foundational,https://canvas.asu.edu/courses/157584/pages/look-up-key-terms-in-the-course-glossary-2,Vocabulary/definitions
4,Canvas,Vendor IT Risk Assessment (VITRA),ASU's required process before installing or integrating any third-party AI software.,Intermediate,https://canvas.asu.edu/courses/157584/pages/the-important-role-of-vendor-it-risk-assessment-vitra,Policy/process knowledge with applied implications
5,Canvas,Syllabus statements for generative AI,Sample/required language for communicating AI policy to students in a syllabus.,Intermediate,https://canvas.asu.edu/courses/157584/pages/syllabus-statements-for-generative-ai,Applied policy authoring
6,Canvas,ASU ChatGPT resources for faculty,How to access and use ASU's enterprise ChatGPT entitlements to maximize teaching efficacy.,Intermediate,https://canvas.asu.edu/courses/157584/pages/maximizing-teaching-efficacy-with-asus-chatgpt-resources,Tool access + applied use
7,Canvas,Faculty panel: voices on GenAI in teaching,Short videos from ASU faculty on how they're integrating generative AI in their courses.,Foundational,https://canvas.asu.edu/courses/157584/pages/meet-our-panel,Awareness/exposure content
8,Canvas,Differentiate GPT vs LLM,Be able to distinguish Generative Pre-Trained Transformers from Large Language Models.,Foundational,https://canvas.asu.edu/courses/157584/pages/module-1-overview-3,Definitional discrimination
9,Canvas,Use key generative-AI terminology,"Apply core vocabulary (model, prompt, token, parameter, hallucination) accurately.",Foundational,https://canvas.asu.edu/courses/157584/pages/module-1-overview-3,Vocabulary objective
10,Canvas,Industry uses of generative AI,Identify how generative AI is used across industries and how it may affect future careers.,Intermediate,https://canvas.asu.edu/courses/157584/pages/module-1-overview-3,Applied awareness across contexts
11,Canvas,Role of generative AI in education,Identify ways generative AI is showing up in educational contexts.,Intermediate,https://canvas.asu.edu/courses/157584/pages/module-1-overview-3,Contextual application
12,Canvas,Types of generative-AI applications,Identify the categories and use-cases of generative-AI applications.,Foundational,https://canvas.asu.edu/courses/157584/pages/module-2-overview-2,Taxonomy/awareness
13,Canvas,Maintaining awareness of new GenAI tools,Develop a personal practice for keeping up with the rapid pace of new AI applications.,Intermediate,https://canvas.asu.edu/courses/157584/pages/module-2-overview-2,Strategy/practice
14,Canvas,Ideating AI uses for your course,Generate ideas for incorporating GenAI tools into your specific teaching context.,Intermediate,https://canvas.asu.edu/courses/157584/pages/module-2-overview-2,Applied ideation
15,Canvas,Create an artifact with a GenAI tool,Produce a deliverable using a generative-AI application of your choice.,Advanced,https://canvas.asu.edu/courses/157584/pages/module-2-overview-2,Production-level synthesis
16,Canvas,Ethical AI key terms,Define vocabulary around ethical and responsible use of AI.,Foundational,https://canvas.asu.edu/courses/157584/pages/module-3-overview-2,Definitional
17,Canvas,"Fairness, security, transparency in AI use","Apply considerations of fairness, security, and transparency when using AI.",Intermediate,https://canvas.asu.edu/courses/157584/pages/module-3-overview-2,Applied principle
18,Canvas,Develop an AI policy/vision,Draft a vision or policy for ethical and responsible AI use in your course or unit.,Advanced,https://canvas.asu.edu/courses/157584/pages/module-3-overview-2,Synthesis + authoring
19,Canvas,Best-practice AI use selection,Determine which AI best practices are appropriate for a specific use case.,Advanced,https://canvas.asu.edu/courses/157584/pages/module-3-overview-2,Evaluative judgment
20,Canvas,Industry examples of ethical AI policies,Identify examples of ethical and responsible AI use policies from industry leaders.,Foundational,https://canvas.asu.edu/courses/157584/pages/module-3-overview-2,Recognition/exposure
21,Canvas,Importance of well-crafted prompts,Explain how prompts shape relevance and quality of AI output.,Foundational,https://canvas.asu.edu/courses/157584/pages/module-4-overview-2,Conceptual foundation
22,Canvas,Strategies for crafting effective prompts,Apply techniques to create prompts that guide AI toward desired outcomes.,Intermediate,https://canvas.asu.edu/courses/157584/pages/module-4-overview-2,Applied technique
23,Canvas,Evaluating and revising prompts iteratively,Evaluate prompt effectiveness and revise based on AI responses; understand the iterative nature of prompt engineering.,Advanced,https://canvas.asu.edu/courses/157584/pages/module-4-overview-2,Iterative evaluation
24,Canvas,Bias and ethics in prompt engineering,Identify bias/fairness/ethics issues in prompts and address them when crafting prompts.,Advanced,https://canvas.asu.edu/courses/157584/pages/module-4-overview-2,Critical evaluation
25,Canvas,Integrating prompt engineering into practice,Use prompt engineering for assignment building and student communication.,Advanced,https://canvas.asu.edu/courses/157584/pages/module-4-overview-2,Applied integration
26,Canvas,Key terms for evaluating GenAI outputs,Define vocabulary for evaluating the quality of AI outputs.,Foundational,https://canvas.asu.edu/courses/157584/pages/module-5-overview-2,Definitional
27,Canvas,Identify hallucinations and bias,"Spot hallucinations, bias, and factual errors in a ChatGPT conversation.",Intermediate,https://canvas.asu.edu/courses/157584/pages/module-5-overview-2,Diagnostic skill
28,Canvas,Apply RACCCA evaluation method,"Use the RACCCA framework to assess AI output for hallucinations, bias, factuality, and failures.",Advanced,https://canvas.asu.edu/courses/157584/pages/module-5-overview-2,Framework application
29,Canvas,Risks and limitations of LLMs,"Evaluate impacts, risks, and limitations of Large Language Models.",Advanced,https://canvas.asu.edu/courses/157584/pages/module-5-overview-2,Critical evaluation
30,Canvas,Strategies for responsible GenAI implementation,Formulate strategies for implementing GenAI responsibly in your course.,Advanced,https://canvas.asu.edu/courses/157584/pages/module-5-overview-2,Synthesis
31,Canvas,Strategies to integrate GenAI into teaching,"Identify ways to use GenAI tools to stimulate creativity, critical thinking, and personalization.",Advanced,https://canvas.asu.edu/courses/157584/pages/module-6-overview-2,Applied integration
32,Canvas,Course design that fosters AI fluency,"Design coursework so students use AI as a learning aid, not a substitute for original work.",Advanced,https://canvas.asu.edu/courses/157584/pages/module-6-overview-2,Design synthesis
33,Canvas,"Inclusive, accessible AI assignments",Design assignments leveraging GenAI that are inclusive and accessible.,Advanced,https://canvas.asu.edu/courses/157584/pages/module-6-overview-2,Equity-centered design
34,Articulate Rise,Module 1: Fundamentals of Generative AI – Overview – Fundamentals of Generative AI,Section overview introducing the fundamentals lesson.,Foundational,https://rise.articulate.com/share/3lU5J_haoXgNR9QKQORI67zuM2Qix_sv#/lessons/XiDuial6n3OEWUwXuc4n5UiKh0Wbhb-S,Intro/overview
35,Articulate Rise,Module 1: Fundamentals of Generative AI – Generative AI and the Future,How GenAI is shaping the future of work and learning.,Foundational,https://rise.articulate.com/share/3lU5J_haoXgNR9QKQORI67zuM2Qix_sv#/lessons/-mfiuOlF03nEpXfGjYfrpDZJL4RzGHIA,Awareness/forward-looking framing
36,Articulate Rise,Module 1: Fundamentals of Generative AI – Equipping future generations: AI's past,Historical context for AI to inform how we prepare students.,Foundational,https://rise.articulate.com/share/3lU5J_haoXgNR9QKQORI67zuM2Qix_sv#/lessons/y3iY6ZxEWGCmwZeq7m_UgTO4NiW5-gK8,Historical overview
37,Articulate Rise,Module 1: Fundamentals of Generative AI – Using GenAI models in the present,Practical look at how GenAI is being used today.,Intermediate,https://rise.articulate.com/share/3lU5J_haoXgNR9QKQORI67zuM2Qix_sv#/lessons/hdHtteK1L3V5YpD6c2uHlDzli8sPId-u,Current applied use
38,Articulate Rise,Module 1: Fundamentals of Generative AI – The value of generative AI,Why GenAI matters; benefits to learners and educators.,Foundational,https://rise.articulate.com/share/3lU5J_haoXgNR9QKQORI67zuM2Qix_sv#/lessons/_JUEDXqbtW3zJB6i7mWkFF3uDOOmalas,Conceptual benefits
39,Articulate Rise,Module 1: Fundamentals of Generative AI – How GenAI is impacting industries,Cross-industry examples of GenAI impact.,Intermediate,https://rise.articulate.com/share/3lU5J_haoXgNR9QKQORI67zuM2Qix_sv#/lessons/XriKI34PBIb_lMmdpfp1PpSYGgPPIXV5,Applied multi-context
40,Articulate Rise,Module 1: Fundamentals of Generative AI – Experimenting with GenAI at ASU,ASU-specific entry points for trying GenAI.,Intermediate,https://rise.articulate.com/share/3lU5J_haoXgNR9QKQORI67zuM2Qix_sv#/lessons/J4bNGWxtic5oznXuy5BC_gwfhfAMsE1A,Local applied practice
41,Articulate Rise,Module 2: Awareness of GenAI Applications – Overview – Awareness of GenAI Applications,Section overview introducing the applications lesson.,Foundational,https://rise.articulate.com/share/fRP7fjoWsWuSXljLxc2dF011IycTdmdL#/lessons/ckakMVSzSSlFLreJ2_NLWuIR9I2NhDm9,Overview
42,Articulate Rise,Module 2: Awareness of GenAI Applications – Do you know what AI can do?,Survey of GenAI capabilities to calibrate expectations.,Foundational,https://rise.articulate.com/share/fRP7fjoWsWuSXljLxc2dF011IycTdmdL#/lessons/_3dr-VqskB18C8sq3TPuSG2e-zUIxdTC,Capability awareness
43,Articulate Rise,Module 2: Awareness of GenAI Applications – AI applications in industry,How different industries are deploying AI applications.,Intermediate,https://rise.articulate.com/share/fRP7fjoWsWuSXljLxc2dF011IycTdmdL#/lessons/dI6UEfZmRlPYiX7hDJikyGLP1ZgMwBCm,Applied multi-context
44,Articulate Rise,Module 2: Awareness of GenAI Applications – Emerging generative AI applications,Newer / fast-moving GenAI tools to know about.,Intermediate,https://rise.articulate.com/share/fRP7fjoWsWuSXljLxc2dF011IycTdmdL#/lessons/ix8OPJCMdEnZM1RiDtEjrl_s4uvqCHOu,Emerging tech awareness
45,Articulate Rise,Module 2: Awareness of GenAI Applications – Introducing AI tools to students,Guidance for bringing AI tools into the classroom.,Intermediate,https://rise.articulate.com/share/fRP7fjoWsWuSXljLxc2dF011IycTdmdL#/lessons/fDoXpvJVseaJFChOBWQr7CPnbBmJX2e2,Pedagogy application
46,Articulate Rise,Module 2: Awareness of GenAI Applications – Navigating rapid GenAI advancements,How to keep up with the speed of change in GenAI.,Intermediate,https://rise.articulate.com/share/fRP7fjoWsWuSXljLxc2dF011IycTdmdL#/lessons/8nYMFR2ApHs9kf9Jou1PaWJ6ZnmeArP4,Strategy/practice
47,Articulate Rise,Module 2: Awareness of GenAI Applications – Selecting generative AI tools,How to choose the right GenAI tool for a task.,Advanced,https://rise.articulate.com/share/fRP7fjoWsWuSXljLxc2dF011IycTdmdL#/lessons/Z5dxYZCyoz-etmctzSP2CKqVZ4Ert-My,Evaluative selection
48,Articulate Rise,Module 3: Ethics & Responsible Use – Overview – Ethics & Responsible Use,Section overview introducing the ethics lesson.,Foundational,https://rise.articulate.com/share/LZmZZ-KMIhK7vDZxyC2e8ThCFkfQ5T01#/lessons/aeBFJRMYrnqOJvRsUojfrSwzDF9NNhxE,Overview
49,Articulate Rise,Module 3: Ethics & Responsible Use – Risks and benefits of GenAI,Balanced view of opportunities vs risks in GenAI use.,Intermediate,https://rise.articulate.com/share/LZmZZ-KMIhK7vDZxyC2e8ThCFkfQ5T01#/lessons/4RYoG2M2PTeGho2YVa6Zadk0cuwT64rC,Comparative analysis
50,Articulate Rise,Module 3: Ethics & Responsible Use – Core values for AI use,Anchor values that should guide GenAI adoption.,Foundational,https://rise.articulate.com/share/LZmZZ-KMIhK7vDZxyC2e8ThCFkfQ5T01#/lessons/tai1yFyVRajyPWKuEhr_OV74I_C6iUok,Conceptual values
51,Articulate Rise,Module 3: Ethics & Responsible Use – Use cases for ethical considerations,Concrete situations that surface ethical questions.,Intermediate,https://rise.articulate.com/share/LZmZZ-KMIhK7vDZxyC2e8ThCFkfQ5T01#/lessons/yusjGYNSzsEaAz1xki33UJbjry-uA0Ux,Scenario application
52,Articulate Rise,Module 3: Ethics & Responsible Use – Leading with principled innovation,ASU's principled-innovation framing for GenAI.,Advanced,https://rise.articulate.com/share/LZmZZ-KMIhK7vDZxyC2e8ThCFkfQ5T01#/lessons/lfOOxPLD3C0RdcvLPrswna-zhRy-Bd9b,Framework synthesis
53,Articulate Rise,Module 3: Ethics & Responsible Use – Cultivating student awareness and action,How to help students engage critically with AI.,Advanced,https://rise.articulate.com/share/LZmZZ-KMIhK7vDZxyC2e8ThCFkfQ5T01#/lessons/xQrHlduw5A3lKBRQTg_SQf19tuJskQb0,Pedagogical synthesis
54,Articulate Rise,"Module 3: Ethics & Responsible Use – Equity, data security, privacy & research","Equity, privacy, security, and research-integrity considerations.",Advanced,https://rise.articulate.com/share/LZmZZ-KMIhK7vDZxyC2e8ThCFkfQ5T01#/lessons/ndxtnxm6vFVx77d7_BV9LSmXGZcn5zZe,Multi-domain critical issue
55,Articulate Rise,Module 3: Ethics & Responsible Use – Taking action: ethical AI in practice,Concrete steps faculty can take to use AI ethically.,Advanced,https://rise.articulate.com/share/LZmZZ-KMIhK7vDZxyC2e8ThCFkfQ5T01#/lessons/UfByxFZtLbjtDGo9ieTpik-g7RXc-USM,Action synthesis
56,Articulate Rise,Module 4: Designing Prompts – Overview – Designing Prompts,Section overview introducing the prompting lesson.,Foundational,https://rise.articulate.com/share/Ih949hPlICDdUyw0OtVdBtg6EWYn0V3n#/lessons/3wJL19iViR-ESoET4nAiVIUIRjEk7Ob3,Overview
57,Articulate Rise,Module 4: Designing Prompts – Steps for an effective prompt,Step-by-step procedure for writing better prompts.,Foundational,https://rise.articulate.com/share/Ih949hPlICDdUyw0OtVdBtg6EWYn0V3n#/lessons/K0OMFl0s_2SIUThBCuYlAR63-lF5xI9P,Procedural foundation
58,Articulate Rise,Module 4: Designing Prompts – Uses and example prompts,Sample prompts for common educator tasks.,Intermediate,https://rise.articulate.com/share/Ih949hPlICDdUyw0OtVdBtg6EWYn0V3n#/lessons/mLUbJCZLDsudL59sErOmxBSYEePgUUYF,Applied examples
59,Articulate Rise,Module 4: Designing Prompts – Advanced prompting strategies for educators,More sophisticated techniques tailored to teaching.,Advanced,https://rise.articulate.com/share/Ih949hPlICDdUyw0OtVdBtg6EWYn0V3n#/lessons/p3bPg3Uzqc0OEzzXPfnBcNHva1NtQlFT,Advanced technique
60,Articulate Rise,Module 4: Designing Prompts – Plugins,How plugins/tools extend GenAI capability.,Advanced,https://rise.articulate.com/share/Ih949hPlICDdUyw0OtVdBtg6EWYn0V3n#/lessons/iI48TfF4jhyuwEqlN8s0TCmU9LkRSEa7,Tool extension
61,Articulate Rise,Module 4: Designing Prompts – Prompt literacy and guidelines,Guidelines and literacy framework for prompting.,Intermediate,https://rise.articulate.com/share/Ih949hPlICDdUyw0OtVdBtg6EWYn0V3n#/lessons/zA69bcNwNVcQc7JJF5jAyPJW4ABG6PuP,Conceptual+applied
62,Articulate Rise,Module 4: Designing Prompts – Demonstration: prompt engineering (Jacob Green),Recorded walkthrough of prompt engineering.,Intermediate,https://rise.articulate.com/share/Ih949hPlICDdUyw0OtVdBtg6EWYn0V3n#/lessons/D2A6OiwS5AWp82Yk-pHnXUS-xVCOnZCy,Worked example
63,Articulate Rise,Module 4: Designing Prompts – Creating effective prompts (capstone),Synthesizing techniques into your own effective prompts.,Advanced,https://rise.articulate.com/share/Ih949hPlICDdUyw0OtVdBtg6EWYn0V3n#/lessons/9_UJmkGPOlDeBmpufnhTGMLc0io5X3DX,Synthesis
64,Articulate Rise,Module 5: Evaluating Outputs – Overview – Evaluating Outputs,Section overview introducing the evaluation lesson.,Foundational,https://rise.articulate.com/share/neRp9GXIiP_1H2ekM4AMptyl07aL4qYf#/lessons/LGw8pjmtLF7aevZa24AnXh5MrB4CKFr-,Overview
65,Articulate Rise,"Module 5: Evaluating Outputs – Outputs, model structure & influences",How model structure and training data shape outputs.,Intermediate,https://rise.articulate.com/share/neRp9GXIiP_1H2ekM4AMptyl07aL4qYf#/lessons/p0hlrcmzSrbDFAl04IOfbCLlJReJtJbe,Mechanistic understanding
66,Articulate Rise,Module 5: Evaluating Outputs – RACCCA: evaluating AI output,"Use RACCCA (Relevance, Accuracy, Currency, Credibility, Coverage, Audience) to evaluate output.",Advanced,https://rise.articulate.com/share/neRp9GXIiP_1H2ekM4AMptyl07aL4qYf#/lessons/UCOXv7CqR8t-vjK253QRvY42IMH0zgq5,Evaluation framework
67,Articulate Rise,Module 5: Evaluating Outputs – Practical use & challenges of AI,Real-world challenges with AI in educator workflows.,Intermediate,https://rise.articulate.com/share/neRp9GXIiP_1H2ekM4AMptyl07aL4qYf#/lessons/1cFP6vWxjuGcENLFDOc2rVQTJ8YZnU4G,Applied challenges
68,Articulate Rise,Module 5: Evaluating Outputs – Evaluating & enhancing GenAI outputs for education,Strategies to improve AI output quality for course use.,Advanced,https://rise.articulate.com/share/neRp9GXIiP_1H2ekM4AMptyl07aL4qYf#/lessons/r2ChwTwrETgBrnzNf-angy6Qw5ZJKhSb,Synthesis/refinement
69,Articulate Rise,Module 6: Integrating GenAI into Teaching – Overview – Integrating GenAI into Teaching,Section overview introducing the integration lesson.,Foundational,https://rise.articulate.com/share/AzCFyWdS4FDAY-5TT4YStVaHmxMUFNfE#/lessons/vJ_ut7o90g_BkUXC7yAfB-bCreFbC2zO,Overview
70,Articulate Rise,Module 6: Integrating GenAI into Teaching – Implementing tools in lessons & assignments,Practical patterns for embedding AI tools in lessons.,Advanced,https://rise.articulate.com/share/AzCFyWdS4FDAY-5TT4YStVaHmxMUFNfE#/lessons/HhKDTd3rVvTOZnGzYGTP0T_vgtIGyTF2,Applied design
71,Articulate Rise,Module 6: Integrating GenAI into Teaching – Streamlining lesson planning with AI,Use AI to accelerate lesson-planning workflows.,Intermediate,https://rise.articulate.com/share/AzCFyWdS4FDAY-5TT4YStVaHmxMUFNfE#/lessons/KKbpjYxZVBe3q-3uuyie4Q8Aum181Ulq,Workflow application
72,Articulate Rise,Module 6: Integrating GenAI into Teaching – Facilitating technological literacy,Building AI/tech literacy among students.,Intermediate,https://rise.articulate.com/share/AzCFyWdS4FDAY-5TT4YStVaHmxMUFNfE#/lessons/-_YWWDeCNWbhrRqiygPgheIlz7QauuQO,Pedagogical practice
73,Articulate Rise,Module 6: Integrating GenAI into Teaching – Rethinking assessment with GenAI,How to redesign assessments in the age of GenAI.,Advanced,https://rise.articulate.com/share/AzCFyWdS4FDAY-5TT4YStVaHmxMUFNfE#/lessons/AOxSmIBgqgGzIRln4YUSsTh5GqT_mccL,Assessment redesign
74,PDF,Traditional AI vs Generative AI,"Traditional AI perceives/reasons/acts (pattern recognition, decision-making); GenAI generates new content (text, image, code).",Foundational,https://drive.google.com/file/d/1eoJvnLNMY-nW18z8hkWRq8gNqRpoGaO-/view#page=1,Definitional comparison
75,PDF,Four Layers of AI Evolution,AI → Machine Learning → Deep Learning → Generative AI; each layer builds on the previous.,Foundational,https://drive.google.com/file/d/1eoJvnLNMY-nW18z8hkWRq8gNqRpoGaO-/view#page=1,Hierarchy/definitions
76,PDF,Tokenization: how GenAI works,"Model splits prompt into tokens, predicts next most likely token, repeats until done.",Intermediate,https://drive.google.com/file/d/1eoJvnLNMY-nW18z8hkWRq8gNqRpoGaO-/view#page=1,Mechanistic concept
77,PDF,Key mindset shift: probability engine,"GenAI predicts tokens, not concepts; your role shifts from creator to QA; hallucinations are a feature of how it works.",Intermediate,https://drive.google.com/file/d/1eoJvnLNMY-nW18z8hkWRq8gNqRpoGaO-/view#page=1,Conceptual reframing with implications
78,PDF,Input quality = output quality,Treat every prompt as an instruction set; specificity drives output quality.,Foundational,https://drive.google.com/file/d/1eoJvnLNMY-nW18z8hkWRq8gNqRpoGaO-/view#page=2,Foundational principle
79,PDF,Zero-Shot Prompting,"Direct, single instruction with no examples or context. Best for general knowledge and quick answers.",Foundational,https://drive.google.com/file/d/1eoJvnLNMY-nW18z8hkWRq8gNqRpoGaO-/view#page=2,Definition + use
80,PDF,Few-Shot Prompting,"Provide context, examples, or prior info to shape responses. Should be ~80% of your prompting.",Intermediate,https://drive.google.com/file/d/1eoJvnLNMY-nW18z8hkWRq8gNqRpoGaO-/view#page=2,Applied technique
81,PDF,Retrieval-Augmented Generation (RAG),"Ground responses by providing a specific source URL, document, or data. Process: Query → Retrieve → Augment → Generate.",Advanced,https://drive.google.com/file/d/1eoJvnLNMY-nW18z8hkWRq8gNqRpoGaO-/view#page=2,Advanced technique with process
82,PDF,Chain of Thought,Ask the AI to walk through each logical step in its reasoning before reaching a conclusion.,Intermediate,https://drive.google.com/file/d/1eoJvnLNMY-nW18z8hkWRq8gNqRpoGaO-/view#page=2,Technique for sequential tasks
83,PDF,Tree of Thought,Generate multiple distinct reasoning paths or options simultaneously for comparison.,Advanced,https://drive.google.com/file/d/1eoJvnLNMY-nW18z8hkWRq8gNqRpoGaO-/view#page=2,Advanced strategic technique
84,PDF,Metaprompting,"Ask AI to identify what you haven't considered, improve your prompt, or stress-test your thinking.",Advanced,https://drive.google.com/file/d/1eoJvnLNMY-nW18z8hkWRq8gNqRpoGaO-/view#page=3,Meta-cognitive technique
85,PDF,Hashtags (#) for prompt structure,"Use hashtag-prefixed labels (#Role, #Task, #Audience, #Format) to help the AI parse intent.",Intermediate,https://drive.google.com/file/d/1eoJvnLNMY-nW18z8hkWRq8gNqRpoGaO-/view#page=3,Structural pattern
86,PDF,Brackets ([ ]) for templates,"Use brackets to mark placeholders, optional parameters, or variables for repeatable templates.",Intermediate,https://drive.google.com/file/d/1eoJvnLNMY-nW18z8hkWRq8gNqRpoGaO-/view#page=3,Reusable pattern
87,PDF,Temperature parameter,Controls randomness/creativity. Low (0–0.3) = factual; high (0.7–1.0) = creative.,Intermediate,https://drive.google.com/file/d/1eoJvnLNMY-nW18z8hkWRq8gNqRpoGaO-/view#page=4,Parameter knowledge
88,PDF,Top P (Nucleus Sampling),Limits word-choice pool to most probable set; pair with temperature for coherence.,Advanced,https://drive.google.com/file/d/1eoJvnLNMY-nW18z8hkWRq8gNqRpoGaO-/view#page=4,Advanced parameter tuning
89,PDF,Presence Penalty,Penalizes tokens already used regardless of count; increases word variety.,Advanced,https://drive.google.com/file/d/1eoJvnLNMY-nW18z8hkWRq8gNqRpoGaO-/view#page=4,Advanced parameter
90,PDF,Frequency Penalty,Penalizes tokens by frequency of prior use; lower for structured/compliance content.,Advanced,https://drive.google.com/file/d/1eoJvnLNMY-nW18z8hkWRq8gNqRpoGaO-/view#page=4,Advanced parameter
91,PDF,RTF Framework: Role–Task–Format,"Define who the AI should act as, the task, and the output format.",Foundational,https://drive.google.com/file/d/1eoJvnLNMY-nW18z8hkWRq8gNqRpoGaO-/view#page=5,Simple foundational framework
92,PDF,BAB Framework: Before–After–Bridge,"Describe current pain, desired future state, and the bridging solution.",Intermediate,https://drive.google.com/file/d/1eoJvnLNMY-nW18z8hkWRq8gNqRpoGaO-/view#page=5,Change-oriented framework
93,PDF,RODES: Role–Objective–Details–End–Sense Check,Five-part framework with built-in self-review for detailed deliverables.,Advanced,https://drive.google.com/file/d/1eoJvnLNMY-nW18z8hkWRq8gNqRpoGaO-/view#page=5,Multi-part advanced framework
94,PDF,Onion Framework: peel away overwhelm,Categorize tasks into Core/Important/Surface/Noise/Remove to prioritize.,Intermediate,https://drive.google.com/file/d/1eoJvnLNMY-nW18z8hkWRq8gNqRpoGaO-/view#page=5,Prioritization framework
95,PDF,Gravity Framework: stress-test ideas,Use AI as 'intellectual gravity' to expose weak reasoning and blind spots before committing.,Advanced,https://drive.google.com/file/d/1eoJvnLNMY-nW18z8hkWRq8gNqRpoGaO-/view#page=6,Critical-thinking framework
96,PDF,Build your own framework,Identify recurring task → define essential inputs → sequence and name → test and refine.,Advanced,https://drive.google.com/file/d/1eoJvnLNMY-nW18z8hkWRq8gNqRpoGaO-/view#page=6,Synthesis/meta-skill
97,PDF,What is a system prompt,A persistent instruction set applied to every interaction in a session; shapes default tone and behavior.,Intermediate,https://drive.google.com/file/d/1eoJvnLNMY-nW18z8hkWRq8gNqRpoGaO-/view#page=7,Conceptual + applied
98,PDF,Why use system prompts,"Eliminates repeating context, maintains consistency, and keeps AI focused on your role.",Intermediate,https://drive.google.com/file/d/1eoJvnLNMY-nW18z8hkWRq8gNqRpoGaO-/view#page=7,Rationale/practice
99,PDF,How to build a system prompt (4 steps),Define Role & Voice → Set Boundaries → Clarify Style/Format → Include Persistence Rules.,Advanced,https://drive.google.com/file/d/1eoJvnLNMY-nW18z8hkWRq8gNqRpoGaO-/view#page=7,Multi-step procedure
100,PDF,AI progression: prompts → agents,"Stages: Prompting → Structured Prompting → Tool Use → AI Agents (autonomous, multi-step).",Intermediate,https://drive.google.com/file/d/1eoJvnLNMY-nW18z8hkWRq8gNqRpoGaO-/view#page=8,Conceptual progression
101,PDF,What makes an agent different,"Goal orientation, planning loop, tool access, memory/context, iteration & refinement.",Advanced,https://drive.google.com/file/d/1eoJvnLNMY-nW18z8hkWRq8gNqRpoGaO-/view#page=8,Defining characteristics
102,PDF,When to use an agent vs a prompt,"Use agents for multi-step, dynamic, tool-using tasks; skip for single transformations or one-off content.",Advanced,https://drive.google.com/file/d/1eoJvnLNMY-nW18z8hkWRq8gNqRpoGaO-/view#page=8,Decision rule
103,PDF,Agent risks & controls,"Risks: hallucinated tool calls, looping, security exposure, cost creep. Controls: human-in-the-loop, usage caps, logging, scope.",Advanced,https://drive.google.com/file/d/1eoJvnLNMY-nW18z8hkWRq8gNqRpoGaO-/view#page=9,Risk management
104,PDF,Automation Journey (5 steps),Assess need → Quantify pain → Prioritize → Align stakeholders → Plan for resilience.,Advanced,https://drive.google.com/file/d/1eoJvnLNMY-nW18z8hkWRq8gNqRpoGaO-/view#page=9,Multi-step methodology
105,PDF,Priority Matrix: feasibility × impact,"Score 1–5 on each axis; quick wins, strategic projects, fill-ins, avoid.",Intermediate,https://drive.google.com/file/d/1eoJvnLNMY-nW18z8hkWRq8gNqRpoGaO-/view#page=9,Decision framework
106,PDF,PACE Plan: Primary–Alternate–Contingency–Emergency,Four-tier resilience plan with hand-off triggers for each tier.,Advanced,https://drive.google.com/file/d/1eoJvnLNMY-nW18z8hkWRq8gNqRpoGaO-/view#page=10,Resilience framework
107,PDF,Quick Reference Cheat Sheet,One-page lookup matching technique → when to use → trigger phrase.,Foundational,https://drive.google.com/file/d/1eoJvnLNMY-nW18z8hkWRq8gNqRpoGaO-/view#page=10,Reference/recall
108,AI-X Framework,AI-X Framework overview,"Set of complementary tools (Compass, Guide, Toolkit) for designing AI-mediated learning experiences responsibly.",Foundational,https://aix-framework.lei-tech.org/home,Framework orientation
109,AI-X Framework,Principled Innovation,ASU's foundational ethical-design lens that underpins the AI-X tools.,Foundational,https://aix-framework.lei-tech.org/principled-innovation,Ethical foundation
110,AI-X Framework,AI-X Compass (self-assessment),"20–25 minute guided self-assessment to clarify use case, examine fit, surface risks, and get next-step recommendation for an AI-X idea.",Intermediate,https://aix-framework.lei-tech.org/compass,Structured early-stage evaluation tool
111,AI-X Framework,AI-X Guide (4-level reflection),Self-assessment of a working prototype across 8 themes using Implemented/Partially/Not Yet/N/A levels.,Advanced,https://aix-framework.lei-tech.org/guide,Prototype-stage design audit
112,AI-X Framework,AI-X Toolkit overview,"Menu of tools across four design stages: Challenge, Creation, Implementation, Investigation.",Foundational,https://aix-framework.lei-tech.org/aix-toolkit-home,Toolkit orientation
113,AI-X Framework,Challenge: Getting Started,"Define learning objectives, learners, and conditions before jumping to a solution.",Foundational,https://aix-framework.lei-tech.org/aix-toolkit/challenge-getting-started,Stage orientation
114,AI-X Framework,Five Whys Technique,Iterative root-cause questioning to find the underlying educational problem.,Intermediate,https://aix-framework.lei-tech.org/aix-toolkit/five-whys,Diagnostic technique
115,AI-X Framework,Task Analysis,Decompose what learners must do to identify cognitive and procedural steps.,Intermediate,https://aix-framework.lei-tech.org/aix-toolkit/task-analysis,Analysis technique
116,AI-X Framework,Personas & Learning Scenarios,Build representative learner personas and scenarios to ground design decisions.,Intermediate,https://aix-framework.lei-tech.org/aix-toolkit/personas,Learner-centered design
117,AI-X Framework,Stakeholder Needs & Values,Surface needs and values of all impacted stakeholders.,Intermediate,https://aix-framework.lei-tech.org/aix-toolkit/stakeholder-needs,Stakeholder mapping
118,AI-X Framework,How AI Systems Work,Plain-language explanation of how AI systems function to inform appropriate use.,Foundational,https://aix-framework.lei-tech.org/aix-toolkit/how-ai-works,Foundational AI concept
119,AI-X Framework,Sense-Making Ethical Evaluation,Structured ethical evaluation of an AI tool idea before building.,Advanced,https://aix-framework.lei-tech.org/aix-toolkit/ethical-evaluation,Ethics evaluation
120,AI-X Framework,Creation: Getting Started,Orientation for design and development of an AI tool.,Foundational,https://aix-framework.lei-tech.org/aix-toolkit/creation-getting-started,Stage orientation
121,AI-X Framework,Learning Sciences Roadmap,Ground design decisions in learning-sciences research.,Advanced,https://aix-framework.lei-tech.org/aix-toolkit/learning-sciences,Research-based design
122,AI-X Framework,Prototyping,Build low/high-fidelity prototypes to test design intent.,Intermediate,https://aix-framework.lei-tech.org/aix-toolkit/prototyping,Design technique
123,AI-X Framework,Requirements,Capture functional and non-functional requirements for the tool.,Intermediate,https://aix-framework.lei-tech.org/aix-toolkit/requirements,Specification
124,AI-X Framework,Logic Model,Map inputs → activities → outputs → outcomes → impact for the AI tool.,Advanced,https://aix-framework.lei-tech.org/aix-toolkit/logic-model,Theory-of-change framework
125,AI-X Framework,Data Plan,"Plan what data the tool collects, stores, and uses—including privacy.",Advanced,https://aix-framework.lei-tech.org/aix-toolkit/data-plan,Data governance
126,AI-X Framework,Implementation: Getting Started,Orientation for testing the tool in real conditions.,Foundational,https://aix-framework.lei-tech.org/aix-toolkit/implementation-getting-started,Stage orientation
127,AI-X Framework,Accessibility Guide,Practical guidance for making AI tools accessible.,Intermediate,https://aix-framework.lei-tech.org/aix-toolkit/accessibility-guide,Accessibility practice
128,AI-X Framework,End-User & Usability Testing,Methods for testing usability with intended users.,Intermediate,https://aix-framework.lei-tech.org/aix-toolkit/usability-testing,User research
129,AI-X Framework,Investigation: Getting Started,Orientation for analyzing data collected about the tool.,Foundational,https://aix-framework.lei-tech.org/aix-toolkit/investigation-getting-started,Stage orientation
130,AI-X Framework,Data Collection Methods Overview,Comparison of methods for collecting tool-effectiveness data.,Intermediate,https://aix-framework.lei-tech.org/aix-toolkit/data-collection,Methods overview
131,AI-X Framework,A/B Testing,Compare tool variants with controlled experiments.,Advanced,https://aix-framework.lei-tech.org/aix-toolkit/ab-testing,Experimental design
132,AI-X Framework,Survey,Design and deploy surveys to gather user feedback.,Intermediate,https://aix-framework.lei-tech.org/aix-toolkit/survey,Quantitative method
133,AI-X Framework,Focus Groups & Interviews,Qualitative methods for deeper user insight.,Intermediate,https://aix-framework.lei-tech.org/aix-toolkit/focus-groups,Qualitative method
134,LX ASU AI,AI Creative Learning Lab — Overview,"ASU Learning Experience hub for faculty starting their AI journey, anchored in Principled Innovation.",Foundational,https://lx.asu.edu/ai,Hub orientation
135,LX ASU AI,Foundations & tools page,"Curated foundation for understanding AI concepts and tools, with emphasis on generative AI.",Foundational,https://lx.asu.edu/ai/foundations,Page-level orientation
136,LX ASU AI,Intro to Generative AI (video),"Introductory video covering key GenAI concepts, terminology, and examples.",Foundational,https://lx.asu.edu/ai/foundations,Foundational video
137,LX ASU AI,Prompting (foundations),Foundational guidance on how to prompt generative AI tools.,Foundational,https://lx.asu.edu/ai/foundations,Prompting basics
138,LX ASU AI,AI Tools at ASU,Overview of AI tools available to ASU faculty and the approval pathway.,Foundational,https://lx.asu.edu/ai/foundations,Tool inventory
139,LX ASU AI,FAQs (foundations),Common questions about using GenAI in teaching.,Foundational,https://lx.asu.edu/ai/foundations,FAQ
140,LX ASU AI,Advanced Prompting Strategies,Featured use case showcasing advanced prompting techniques.,Advanced,https://lx.asu.edu/ai/foundations,Applied advanced prompting
141,LX ASU AI,The AI Playground,Featured exploratory environment for trying AI tools.,Intermediate,https://lx.asu.edu/ai/foundations,Exploration tool
142,LX ASU AI,AI and the VITRA Process,How VITRA applies to AI tool selection at ASU.,Intermediate,https://lx.asu.edu/ai/foundations,Policy/process applied
143,LX ASU AI,AI-enhanced learning page,Strategies for using AI to enhance teaching and learning at ASU.,Intermediate,https://lx.asu.edu/ai/ai-enhanced-learning,Page-level orientation
144,LX ASU AI,AI-Enhanced Assignments,Designing assignments that integrate generative AI thoughtfully.,Intermediate,https://lx.asu.edu/ai/ai-enhanced-learning,Assignment design
145,LX ASU AI,AI-supported Teaching Practices,Day-to-day teaching practices that leverage AI.,Intermediate,https://lx.asu.edu/ai/ai-enhanced-learning,Pedagogical practice
146,LX ASU AI,Building Custom Bots and AI Agents,How to build custom bots and agents to support teaching.,Advanced,https://lx.asu.edu/ai/ai-enhanced-learning,Tool building
147,LX ASU AI,AI Atlas,Map of AI use cases across ASU with programs and events.,Foundational,https://lx.asu.edu/ai/ai-atlas,Use-case map
148,LX ASU AI,Coordinates of Innovation: AI Use Cases,Catalog of innovation use cases inside the AI Atlas.,Intermediate,https://lx.asu.edu/ai/ai-atlas,Use-case inventory
149,LX ASU AI,Support & Community,Where to get help and connect with peers using AI at ASU.,Foundational,https://lx.asu.edu/ai/community,Support resources